kígájɛ́,['Verb']
éːkêːr,[]
ɔ̀gɔ́ːkꜜ,[]
lɛ̀ːrík,['Proper Noun']
tɛ̀kɛ́tꜜ,['Verb']
òmáltáꜜ,['Determiner']
kɛ́ː,"['Complementizer', 'Existential marker']"
àmɛ̀lɛ́,[]
ɗóː,['Noun']
ŋàːríː,[]
kɔ́ꜜ,[]
ìndîːŋ,[]
ɓòrɛ́,[]
ŋɔ́ŋk,['Particle']
cìnɛ̀k,['Demonstrative']
cɔ̀gúnꜜ kɛ́ːɗí,[]
káːrínóŋk,['Noun']
kàtàmɛ́á,[]
ɟùmùrún,[]
bíːrókòŋk,['Noun']
ɓólátúːrꜜúɛ́kòŋk,['Noun']
cìníkík,[]
ɗɛ̀jɛ̀,[]
càːkómákꜜ,['Noun']
bèːdìt,"['Infinitive', 'Negative']"
ètéŋká,[]
dílkánà,[]
jàwɛ́,['Verb']
ŋàːrîː,['Verb']
ìɟáːgꜜ,[]
còːná,['Adverb']
ìndíːꜜ,[]
kóːrꜜé,[]
ŋùːlè,[]
wɔ̀ːwɔ́ɟ,[]
máɟáŋtè,[]
bíːrókèk,[]
àrìːr,[]
ɗɛ́ː,[]
jô,[]
gàgáɓkɛ́jgíɗá,[]
tàkànà,['Noun']
ɗégégéríkìː,[]
wárꜜ,['Noun']
tònùrtáꜜ,[]
túːkíɗîːk,[]
tórɛ́,[]
ɓɔ́ːkâːŋ,['Quantifier']
kɔ̀,['Adverb']
màngístíòŋk,[]
mɛ̀lkíꜜ,"['Verb', 'Verb']"
ɛ́ːkꜜ,"['Pronoun', 'Noun']"
kàːkàcíːꜜ,[]
ɗíːrìŋ,[]
kàlɛ̌jꜜkɔ́tꜜú,[]
àdàmòjɗǐːŋ,[]
bɔ́lɔ́ŋúrárkɔ́ꜜ,['Verb']
céːkꜜ,[]
cìnìk,['Demonstrative']
kɛ́,['Complementizer']
ɗírkîɗ,[]
tâːr,['Noun']
kànɛ̌ːr,[]
òɗǐːŋ,[]
nɛ̀ːk,['Determiner']
àmárɛ̂ːkɛ̀k,[]
ɔ́rɛ́,[]
nɛ̀ːkɛ̂ŋ,[]
àr,['Particle']
ìn àgàlɛ́,['Verb']
díːlêːr,[]
còːgíꜜákɛ́,[]
bòŋíꜜ,['Verb']
ɗúnɗěŋ,['Particle']
lòŋgólôːt,[]
àtò,[]
ŋɔ́ɗúrù,[]
ètéŋk,"['personal pronoun', 'personal pronoun', 'personal pronoun', 'personal pronoun']"
cìtɛ́tíꜜ,[]
cìŋkánꜜ,[]
cìnɔ́ːnáꜜ,[]
àtù cìgáːgɛ́ꜜ káŋk,[]
àjánꜜ,['Noun']
bábáɗꜜɓá,[]
àɟàrtí,[]
nɔ̀kɔ́ ɗɛ̌n,[]
ɓòkòtútì,[]
bòŋùrù,[]
dèbúbèk,[]
tápíɛ́k,[]
àcìgɛ̀,[]
nóːkɛ́kꜜík,[]
rɔ́mɛ̂ɗ,['Verbal Noun']
dɛ̀dɛ̀ntì,[]
ɛ̀tɛ́,[]
kànɛ́ŋ,['Verb']
cɔ́ːkꜜ,[]
ɟòːpà,[]
rɛ̀rɓá,[]
kɔ̀ːnìɛ̂ːŋ,[]
téːtéːjí,['Verb']
ètéŋ,[]
màlɛ̀,"['Transitive verb', 'Verb']"
àgàlììt,['Negative']
máɗꜜ,['Noun']
ɓàŋkáwꜜkáːŋ,[]
ɟégújáːtɔ́kꜜ,['Noun']
wòsɛ̀jɗírꜜík,[]
ìndí,['Noun']
cáː tòtònárɗɔ́ꜜ,[]
lɛ̀ːr,['Proper Noun']
ɔ̀ɗɔ́kà,[]
tòŋgúɗíːꜜ,[]
kɛ́ːkìŋ,[]
bàːlɛ̀ːt,['Infinitive']
gàbìjójá,"['Noun', 'Noun']"
ŋárótꜜáːŋ,[]
kóɓí,"['Noun', 'Verb']"
bítík,['Verb']
tònɛ́,['Verb']
ɔ̀gɔ́ːk,[]
bàkànɟùŋɔ́ŋk,[]
írkíɗík,['Participle']
còːnâ,[]
pàːríŋ,['Verb']
kɔ́,['Particle']
gàŋk,"['Possessive pronoun', 'Possessive pronoun', 'Possessive pronoun']"
nɔ̀kɛ̀ːɗíːꜜ mérmén,[]
càmbátɛ̂ː,[]
bàkáːɲík,['Verb']
rɛ̀ràrí,['Verb']
mɛ̀lɛ̀rk,[]
útéꜜ,[]
dìːlé,[]
ŋùːlɗìt,[]
péːtákꜜík,['Noun']
ɟéːɗóàtù,[]
láláŋí,[]
ɟàrtîː,['Noun']
màcáːpꜜák,[]
tɔ̂ːn,['Noun']
dɛ̀dɛ̀nàrì,[]
àɓátùkíɗí,[]
wàlóːk,[]
tápáːɗáːnír,['Verb']
mèɟ,[]
ɗúmáː,['Noun']
gaːjgeːɗiːŋ,[]
ìjóbꜜúk,[]
bàták,"['Negative', 'Infinitive']"
jòwɛ̀rɟùŋɔ́ŋk,[]
dòkú,['Verb']
lòŋgólóːtè,[]
bálâːŋ,[]
cɛ̀ːgàk,[]
òlátɛ́,[]
deː́gárꜜ,[]
àrɛ́ꜜ,[]
típǐr,[]
tònùr,['Verb']
dɛ̀nɛ́,['Verb']
gòděː,[]
èděːn,[]
ɗɛ́ꜜɛ́ꜜ,[]
wìdéːrìː,[]
ɓákꜜ,['Adverb']
tàːpɛ́ːꜜ,[]
ìn bìtɛ́,['Verb']
mèntán,['Adjective']
ɲéːwìːrí,['Verb']
jòwɛ́ːꜜɗîŋ,"['Verb', 'Verb']"
máɟáŋéːrꜜkɔ́ŋk,[]
ŋàɗùkàrí,['Verb']
bèːd,[]
àkìr,[]
tàːpɛ́ːɗɛ́,[]
kɔ́ːɲɔ́n,[]
nɛːkɛ,['Verb']
làkí,[]
cê,"['Demonstrative', 'Demonstrative']"
kócɛ́ŋk,[]
kàwɛ̀,"['Transitive verb', 'Transitive verb']"
ɓòkòtúnkɔ́ré,[]
yaikob,['Proper Noun']
dɛ́nɗîːŋ,['Intransitive verb']
kòŋk,[]
ɓáŋkáwrɔ́nꜜ,[]
gúːgúɲꜜáːŋ,[]
dɛ̀nà,"['Verb', 'Transitive verb']"
gòdèà,['Noun']
kúcúnꜜ,"['Intransitive verb', 'Intransitive verb']"
tòŋgúɗúꜜ,[]
tónɗí,[]
máɟáŋéːrɛ́k,[]
ɓèɗínꜜ,['Verb']
wɛ́ːŋꜜáꜜ,['Verb']
ɔ̀kɔ̀n,['Complementizer']
tàpáɗóŋk,[]
àìndîːŋ,[]
wɛ́jꜜ,['Noun']
tíná,['personal pronoun']
kàlkálꜜkáːŋ,[]
gój òmáltè,[]
cɛ̀gà,[]
cáː,[]
ŋàwíːtéɗꜜí,[]
ínꜜ,['Adverb']
mɛ̀lkíɗꜜ,['Participle']
kóŋkûɗ,['Participle']
dɛ̀nɛ́tì,['Verb']
tàmàːrɛ́,[]
kóllóɟꜜúnꜜ,['Verb']
kùcú,['Verb']
mɛ̀lɛ̀r,[]
cɛ̀ːk,[]
déːgárꜜ,[]
làŋ,['Verb']
ítꜜó,[]
ɛ́,['Coordinating conjunction']
tònútáꜜ,[]
gáŋgójêːr,['Noun']
tàɗápút,['Noun']
Kálákún,['Proper Noun']
ɓèɗíːꜜ,['Verb']
góːŋánꜜáːŋ,[]
túgáːt,['Noun']
ɛ́ɲɛ́,[]
gój,[]
gàɓɛ́ːrì,[]
ɟéːmɛ́ꜜ,['Noun']
ìn àːwòjɛ́,['Verb']
èkàŋɛ̀ːɗí,[]
câ,"['Demonstrative', 'Demonstrative']"
àmbàbɛ̀ː,[]
ɗéːgárꜜáːŋ,[]
cáːꜜ,['Adverb']
bàŋɛ́k,"['Quantifier', 'Quantifier']"
kúrꜜòj,[]
làŋírkîɗ,[]
cɔ̂k,[]
kúːkúrꜜáːŋ,[]
ɗàmàtòŋk,[]
kìr,[]
lòkòːcú,[]
bèːbèr,[]
ìcíꜜ nɔ́ɓɔ̌,[]
ɗíːkì,[]
pròjɛ́tꜜ,[]
ɗéːk,['Adverb']
mɛ̀ckɛ̀bíːꜜ,[]
célcélɛ́kòŋk,['Noun']
téjánꜜ,['Verb']
mèlkíɗ,[]
gàɓɛ́,[]
gàj,['Verb']
dèíŋké,[]
wàrgátɛ́,['Noun']
káːkácíː,['Verb']
góːrájɛ́,[]
bɔ̀dáːŋ,[]
bɔ̀díːꜜ,[]
àgúꜜt,[]
cɛ́ːkꜜ,[]
dɛ́nɗíꜜkáːŋ,['Intransitive verb']
cìnéːnâ,[]
ɓèɗǐːr,['Verb']
ɗɛ́jɛ́r,[]
bóŋîɗ,[]
cɔ́ːk,[]
làkíː,[]
áríɗɛ́ꜜ,[]
ɟègúj,['Noun']
ɓèɗí,['Verb']
tònkɛ́ꜜ,[]
bòŋú,['Verb']
òmáːj,[]
tɔ́ːnáꜜ,[]
wóɗí,['Noun']
à,['Coordinating conjunction']
bándúrꜜɛ́,['Verb']
ɟàrtí,"['Noun', 'Noun']"
dɛ̀nɛ́ːtꜜár,[]
tùːláːŋ,[]
méntáːnáꜜ,['Verb']
lákì,[]
ɗàmún,[]
mùkèɗ,[]
ɛ̀kík,[]
Nɛ̀,[]
ɟùmùríːꜜ,[]
cɛ́ŋkꜜ,[]
bèːɗìt,[]
ɛ̀kánꜜ,[]
ɛ̀ːɲɛ̀káːŋ,[]
bòŋɛ́ꜜ,['Verb']
étà,[]
tíjꜜáːŋ,[]
wàlágɛ́àk,[]
cìgáːgá,[]
táːmɛ́tàkáŋkí,[]
àmbàbɛ́ꜜ,[]
cìnɛ̀,"['Demonstrative', 'Relative pronoun']"
gáːgɛ̀,['Noun']
ɲéːwúr,['Verb']
àtùkídí,[]
ŋàːrák,['Verb']
ɟártíáːtɔ́kꜜ,"['Noun', 'Noun']"
pôː,[]
cɛ̂,[]
ɛ̀jɛ́ kéːrɛ̀,[]
gàɓɛ̀rk,[]
cɔ̀ːlíláŋtꜜ,[]
jàrtíkɔ́ŋkúk,[]
gòrgórꜜkáːŋ,[]
gùràpàrdàk,[]
ɓàrtɛ̀ːɗ,['Verb']
rɔ́ríꜜɛ́,[]
ŋájórꜜáːŋ,[]
rɛ̌rŋ,[]
bádɛ́,"['Infinitive', 'Negative']"
ɓáŋkáːwúr,[]
ɲìlgíːꜜkáːŋ,[]
ɓɔ́ːkáŋꜜɔ́ŋk,[]
ɟòːráːŋ,[]
tàːpɛ́ꜜ,[]
bándúrán,"['Infinitive', 'Negative']"
ìɟáːgɗíːꜜ,[]
ràkàtɛ̀ːt,[]
kòrúnꜜ,"['Verb', 'Verb']"
càkáːgéꜜ,[]
kɛ́ːɗíːꜜ,[]
wôːɗ,['Interrogative pro-form']
kàt,['Auxiliary']
lɛ̀ːwɛ̀t,[]
dákɛ́ꜜ,[]
tàmàrɛ̀t,[]
kúròjk,['Noun']
càːkóm,['Noun']
máɟáŋéːrôŋk,[]
kɛ́jnꜜ,[]
làngákɔ́ː,[]
ɗùɗùn,['Verb']
tònúrkûɗ,[]
ìːníŋ,[]
ɟóːnè,[]
cé,[]
ɟártíáːtɔ̀,['Noun']
òːɗín,[]
ràkátɛ́ːk,[]
gúːgúɲ,['Verb']
wɔ̀ːwɔ́ɟꜜ,[]
láláŋíkìː,[]
ŋàːráːŋ,[]
cáːɓɔ̀ dɛ̀nɛ́ɗíːk,[]
étè,[]
ɗírkínꜜ,['Verb']
gɔ́,[]
cámɓójꜜáːŋ,[]
gɛ́ːŋkík,['Possessive pronoun']
rɔ́ːríɔ́n,[]
èːɟɛ́,['Noun']
nánájí,[]
ítò,[]
átóꜜ,"['Noun', 'Noun']"
ɓɔ̀lɔ̀ːrɛ́,[]
kérkéɗꜜáːŋ,[]
tɔ́n,[]
kòcìjéjóŋk,[]
dòáːrík,['Noun']
gɔ̀ːnùráːŋ,[]
dùrìrìɗ,['Participle']
mó,['Adverb']
cìgɛ̀,"['Relative pronoun', 'Demonstrative']"
tɔ́ːnꜜúk,['Noun']
ètíŋkꜜ,[]
cìnò,[]
dáːmꜜáːŋ,[]
bɔ́lɔ́ŋúrkúnꜜ,['Verb']
mòːɟákꜜ,['Noun']
mókò,['Particle']
àgút òmóŋ,[]
cájtíꜜɛ́ꜜ,['Noun']
ɗàm,[]
bàːbɛ́,['Noun']
màrkócꜜúk,[]
ɗóːkáꜜ,"['Noun', 'Noun']"
bíté,"['Negative', 'Infinitive']"
àbîː,['Noun']
ɗòŋìkɛ̀,[]
gáŋgójꜜ,['Noun']
tònúrgé,[]
kɛ́j gúnꜜ,[]
cìnìkík,['Demonstrative']
bìtàkɛ̀ːt,"['Infinitive', 'Negative']"
átɛ́ːɲk,[]
òmóꜜ,[]
cɛ̀,[]
gàːjáːŋ,[]
dɛ̀dɛ̀nàr,[]
cǎːkɛ́,['Determiner']
ŋàɗù,['Adjective']
ɟìkôn,['Interrogative pro-form']
tìnà,[]
ɗìrkí,['Verb']
bàːbɛ́ːk,"['Kinship noun', 'Kinship noun']"
gòdé,['Noun']
ɟártíátɔ́k,"['Noun', 'Noun']"
òkó,['Preposition']
Wàːkójót,['Noun']
máɟáŋéːrꜜ,[]
wàːcíŋk,[]
rɔ́ríáꜜ,[]
âːjkà,['Infinitive']
càkàí,[]
Óːlꜜún,[]
dáːnɛ́ɛ́kôŋk,['Noun']
gúːgúɲꜜàrí,['Verb']
ŋàːdíː,[]
mɛ̀sɛ̀rɛ̀t,[]
tònún,[]
rìjáːŋ,[]
càːdíꜜ,"['Adverb', 'Adverb']"
ɗàmà,[]
lɛ̌ːr,[]
kɛ́ːt,[]
dɛ̂ːŋ,['Verb']
kɛ̀,[]
máɟáŋéːròŋk,[]
tègéɟ,['Verb']
nòmɛ́ːɗáꜜ,['Verb']
ǹɛ,[]
cɔ́,[]
kìːkíꜜ,[]
táːtápíkì,[]
bòːlɛ́ɛ́ꜜ,['Verb']
dòːrúŋɔ́ŋk,[]
cɛ̀ːná,[]
nɛ̀ːkɛ̌,[]
kɔ̀nà,[]
ŋǎːrkîɗ,[]
báláŋɔ̀ŋk,[]
ìjôb,[]
táːmɛ́,[]
dɛ̀nɛ́ŋ,['Verb']
cìcɛ́ꜜ,[]
kítꜜínáꜜ,[]
wòːrú,[]
báŋꜜíák,[]
cɛ̀ːgík,[]
rìjɛ́ꜜ,['Verb']
tápíɛ́ꜜ,[]
còːnáꜜ,[]
tàɗápú,[]
ɲéːwù,['Verb']
dɛ́ːtáꜜ,[]
mɛ̀cɛ̀rɛ̀t,[]
ɗùkà,['Noun']
ŋùːlɗǐːŋ,['Intransitive verb']
ɓòkór,['Verb']
dɛ́nɗíꜜkínꜜ,['Intransitive verb']
árî,['Negative']
mɛ̀ckɛ̀bɛ́ː,[]
bándúrúk,['Verb']
tònúntáꜜ,[]
èkédà,[]
mɛ̀lɛ́ŋ,[]
kóːtè,[]
kùcù,['Verb']
kɛ̌ːŋ,[]
ámɗꜜ,['Noun']
càːdîk,[]
Káw,[]
dɛ̀dɛ̀nìː,[]
káː,['Auxiliary']
láptꜜúnꜜ,['Verb']
wìdérgéꜜ,[]
ŋáːwꜜ,[]
máɟáŋéːróŋkùk,['Particle']
nɛ̀ kɛ́ ɗɔ̂ːn,[]
ŋèdàn,[]
dòkúr,[]
rògúkúnꜜtá,[]
méːꜜkáːŋ,[]
kɛ̀ː,"['Adverb', 'Verb']"
ìɟáːgák,['Noun']
ɟéːmɛ́,[]
òɗíkɛ́,[]
rɔ́ríátìŋk,[]
cɛ̂ŋk,[]
tɔ́ꜜtá,[]
kéːc,[]
dákɛ́ɗà,['Adverb']
bɔ́lɔ́ŋúrkíːꜜ,['Verb']
kúcáꜜ,[]
pròjɛ́t,[]
nǎːŋk,[]
cěːŋk,[]
kòllòɟɛ́,['Verb']
càːkómák,['Noun']
máːtókóŋk,[]
pógí,['Noun']
ɗàɗàmùn,[]
kìtáꜜ mɛ̀lɛ̀,[]
rèːríŋ,[]
tòníːnà,[]
gàːmíː,[]
ŋáːw,['Noun']
cìcɔ́,[]
óbîːŋ,['Verb']
cìgégê,[]
pìdélꜜák,[]
lɛ̀ːrà,[]
èpáj,['Verb']
wɛ́ːŋꜜáːŋ,[]
ɗɛ́ːgáꜜ,[]
ɟɛ́tǐŋ,[]
ɓòkótì,[]
dùŋkú,['Verb']
Dɔ̀ːc,[]
ŋɔ̀lŋɔ́lꜜkáːŋ,[]
ádámójín,[]
céːꜜ,[]
wàlɛ̀c,[]
àgàlík,['Verb']
cìnɛ̌ŋ,[]
ɟémɛ́,[]
ítóré,[]
kɛ́ꜜ,[]
nɔ̀gún,[]
kɔ́ꜜcɔ́kà,[]
ɛn,[]
ɲɔ́ːnꜜáːŋ,[]
ŋɔ̀ɗɛ́,['Verb']
tóːmójꜜ,['Noun']
jìkón,[]
còːdì,[]
rɔ́ríáŋɔ̀ŋk,[]
cèː,[]
ɗùŋɛ́ɗꜜ,['Noun']
ɗúŋkúɗꜜ,['Participle']
làkìn,['Transitive verb']
ɟìkónꜜ,[]
dɔ̀ːtɛ̀jkéːn,[]
ɓáꜜ,['Adverb']
wàːlôk,[]
rìrìɛ́ꜜ,[]
tàwáːwɛ̂ːk,['Noun']
nɛ́ːk à nɛ̂ŋk,[]
kójɛ̀k,[]
dú,[]
tɔ́ːn,[]
góːrɛ́,[]
rɛ̀ːráːŋ,[]
bòŋkù,['Verb']
tápáːɗáːnǐːr,"['Verb', 'Verb']"
tàwáːwɛ́ː,['Proper Noun']
tàːpɛ́rkíŋ,[]
tònánà,[]
kɔ́ŋkúŋ,['Determiner']
Mártâː,['Proper Noun']
dégérꜜár,[]
ègè,['Particle']
pìdɛ́lꜜákɛ́,[]
tíjɛ̂ɗ,[]
ɲéːwìː,['Verb']
ɓɛ́ːrꜜáːŋ,[]
ìjàjàgì,[]
còn,[]
ìːn,"['personal pronoun', 'personal pronoun']"
ɓɔ̀rɔ́ꜜ,[]
cǎ,[]
ɓánɔ̀,[]
àkɔ́,[]
náːk,['Possessive pronoun']
wàː,['Noun']
ìcíc,[]
á,[]
ɓɛ́ːlɛ́rꜜ,[]
ɗéːgârŋ,['Verb']
ŋɔ̀ɗáːŋ,[]
tàmàːrɛ́ŋɔ́ŋk,[]
àrɛ́,['Verb']
òmáltá,[]
àːdìɗìːt,['Negative']
báŋꜜíá,[]
ɟòːp,[]
dùŋɛ̀ːɗé,[]
tɔ̀gì,['Noun']
nɛ̀,['Complementizer']
ìɟàːgíɗ,[]
ɓèɗáꜜ,['Verb']
ɓà,['Preposition']
jàːŋɛ̀t,[]
wàːcɛ́ɗíŋk,[]
cìnéːꜜnɛ̂,[]
cɔ̀ːlílántáꜜ,[]
òkóɗ,['Interrogative pro-form']
cɛ̂ːn,[]
ɟàrtíꜜkɔ́ŋk,[]
gúːgúɲàrí,['Verb']
kɔ̀ːníjŋ,[]
ègèr,[]
ɓɛ̀ːlɛ́,[]
wòrí,"['Noun', 'Noun', 'Noun']"
pìdɛ́lꜜáꜜ,[]
ɗɔ́kún,[]
gɔ́ːtá,[]
cìgágá,[]
Má,[]
ɗìːrárkɔ́ːꜜ,['Verb']
átꜜ,[]
gònáːŋ,[]
wàːlóːk,[]
wòsɛ̀jɗìkí,[]
ánɛ̀,[]
lòkòːcútɔ́ꜜ,[]
wáːcíɛ́,[]
ŋáːkàrí,"['Adjective', 'Adjective']"
cɛ́ꜜ,[]
wártûn,[]
láláŋíɗí,[]
òɗúkɛ́,[]
kɔ́ŋk,['Determiner']
óbíkꜜíŋ,[]
ìcí,[]
wáːjánꜜ,['Noun']
gòróː,[]
mùríːꜜ,['Verb']
gwácꜜé,[]
ɗɛ̀,[]
kóllóɟɛ̌ːr,['Verb']
kàːkàcíː,[]
étꜜôŋk,[]
ŋùːlé,[]
pìrkí,['Verb']
tèːmú,[]
pìdɛ́làkôŋk,[]
òláːtꜜɛ́,[]
cìnɛ̂ːŋ,[]
gáɓígíɗɛ̀,[]
gòn,['Verb']
gàbìjôj,['Noun']
dɛ̀nɛ́rkîɗ,['Participle']
ɓòkòtɛ́ꜜ,[]
làkɛ́ꜜ,['Verb']
dàkɛ́kój,[]
nɛ̀ːkɛ́,"['Particle', 'Particle']"
áːrɛ́,['Noun']
gɔ̀rɔ̀,[]
mɛ̀lkì,['Verb']
ɗɛ̀pɛ̂ː,['Noun']
gàjáːŋ,[]
hàbtáːmǔːk,['Noun']
béŋcè,[]
cɛ̀ːgà,['personal pronoun']
kɛ̀ːɗáːŋ,[]
tàmáːŋ,[]
òmáːjꜜ,[]
bɛ̀ːlɛ́,[]
mɛ́lɛ́ːɗà,[]
cìgì,[]
dɛ̀ná,[]
ŋɛ́ːwɛ́nꜜŋɔ́ŋk,[]
tɔ́cɛ̀,"['Adverb', 'Intransitive verb']"
dɔ́ːtɛ́k,[]
ɔ̀gɔ̀,['Determiner']
àmbàbɛ̀ːɗ,[]
cànɛ̀r,['Verb']
àɗùɗùŋár,[]
nɛ́ːkɛ̀,[]
tònúrgúdɔ́ꜜ,[]
báŋꜜí,[]
árík,"['Noun', 'Verb']"
jɛ̀jáːŋ,[]
cìnɛ̀ːk,[]
ɓɔ̀rɛ̌,['Noun']
góːŋk,['Possessive pronoun']
órkán,['Noun']
ɟɔ́k,['Noun']
má,[]
tɛ́m,['Adjective']
gòdě,[]
áníŋ,[]
kɛ́jnꜜrɛ́,[]
dɛ́nɗíkàrí,[]
áːwójánꜜ,['Verb']
mɛ̀ríàk,[]
áꜜmókótóꜜ,[]
nɔ̀móː,[]
ɗɛ̀jɛ́,['Verb']
dɛ̀dɛ̀nìn,[]
ŋédán,['Noun']
mɛ̀lɛ̀ɗ,"['Verb', 'Verb']"
èːɟɛ́ːk,['Noun']
tɛ̀mírt,[]
tùrgùmɛ́ꜜ,[]
tékáːnéːrꜜ,[]
nɔ̀,"['Coordinating conjunction', 'Coordinating conjunction']"
cɛ́ːk,[]
òkócá cìgì,[]
kèːɟáːŋ,[]
ɗéꜜ,['Adverb']
kán,[]
jǐː,[]
mɛ̀lɛ́,['Verb']
kɔ́ɟúrúrꜜúŋ,['Verb']
bàːbúj,['Noun']
ìɟáːgꜜɛ́,[]
òːlɛ́,[]
céːŋkꜜ,[]
dɛ̀nìn,['Verb']
áɲꜜ,['Noun']
ìn bàtákꜜɛ́,['Verb']
ŋǎːrŋ,[]
géttàŋk,['Noun']
kójòŋkúk,[]
áɗórɔ́n,['Negative']
wàɗ,[]
kòɓú,['Verb']
kòɓún,[]
ɗákɛ́ɗàk,[]
nàːràk,[]
ǐːn,"['personal pronoun', 'personal pronoun']"
ɲòn,['Noun']
bàlàːkà,['Verb']
kóːꜜ,[]
ìːnákꜜ,['personal pronoun']
kɛ̀ːɗá pàːrkúːnà,[]
láːgáɲꜜáːŋ,[]
cìnɔ́ːꜜnɛ̂,[]
jògùkú,['Verb']
cɔ̀,[]
ŋàːrk,[]
típír,[]
jéːmɛ̀,[]
gírójkêːn,[]
dámúꜜ,[]
ɗòːrú,[]
pɛ́ːj,[]
cǒːjk,[]
rèrèráːŋ,['Intransitive verb']
rɛ̀ːrɛ̀mkúnꜜ,[]
rɔ́ríɔ́n nɛ̀ːkɛ́k,[]
ád,['Noun']
ìntá,[]
cêːk,[]
rɛ́bɛ́cꜜkáːnákꜜík,['Noun']
ɓòkòtìɗ,['Participle']
ɗɛ̌ː,[]
láːláwꜜáːŋ,[]
ɔ̀gɔ̀gɔ̀j,[]
ɟíːtꜜ,['Cardinal numeral']
dɛ́ːꜜ,[]
cìnáːnáꜜ,['Demonstrative']
wàːcìːɗìkíː,[]
cɔ̀nàꜜ,['Adverb']
kómój,['Noun']
èːŋàɗǎːŋ,['Verb']
tàɗápût,[]
càːnâ,[]
gírójkàn,['Noun']
ɓɛ̀ːlɛ̀rk,[]
táːpꜜtáːnákɛ́,[]
àmàcá pɛ́,[]
táːtápídìː,[]
cè,['Pronoun']
cìnɔ̀kán,['Pronoun']
Làkɛ́,[]
nôŋk,"['Possessive pronoun', 'Possessive pronoun', 'Possessive pronoun']"
cɛ̀ːgíŋ,[]
cěːŋ,[]
gúːgúɲìː,['Verb']
téjá,[]
àrí,['Verb']
kànɛ̀,['Verb']
kórkóɗꜜáːŋ,[]
ŋàdì,['Verb']
gódéj,[]
kóllóɟìː,['Verb']
tòŋgé,['Verb']
cìgîn,[]
rɛ̀ːríːꜜ,['Verb']
kɔ́ːꜜ,"['Adverb', 'Adverb', 'Particle', 'Particle']"
mèntàn,"['Verb', 'Verb', 'Intransitive verb']"
ɗɛ́jɛ́rk,[]
rìːɓè,['Verb']
ɟɛ́t,['Adverb']
ceꜜ,[]
kí ɗɛ́ꜜ,[]
pèdìr,[]
ìːnák,['personal pronoun']
náːkɛ́,['Possessive pronoun']
cìgǐ,[]
òmáltè,"['Cardinal numeral', 'Cardinal numeral']"
cɛ̀ːg,['personal pronoun']
kúrꜜójá,[]
nɔ̀kɛ̀ːɗíꜜ láláŋíɗí,[]
wɔ̀ːwɔ́ɟá,['Noun']
gáꜜ,[]
táːwákꜜ,['Noun']
ámꜜá,[]
ɗégérꜜá,[]
bándúrꜜáːŋ,[]
dɛ́nɗíkìː,['Intransitive verb']
ɗɛ́jɛ́rɗìk,[]
ɗírkáꜜ,['Verb']
ɛ́mɛ́c,[]
kíːɗɛ́ꜜ,['Auxiliary']
mógúŋkôŋk,['Noun']
àːdìt,['Negative']
gàːlàkîː,[]
ɓàꜜ,[]
mòàn,[]
jàkàt,[]
rìːɓé,['Verb']
wòːrúŋ,"['Verb', 'Particle']"
ɗɛ́pɛ́ꜜ,['Noun']
ɓàŋkáw kúɗùk,[]
báŋì,['Noun']
bàŋɛ́,"['Quantifier', 'Quantifier']"
cɛ̀ːníŋ,['personal pronoun']
kánꜜ,"['Particle', 'Particle']"
tíkáꜜ,[]
cɛ́ːn,[]
ìn,"['Verb', 'Particle']"
bárɛ̂ɗ,[]
ɓèɗìr,['Verb']
táːwákík,[]
òɗúkɛ́ bɔ̀rɛ̂ːŋ èːt,[]
ìn bòcɛ́,['Verb']
jòwɛː́ɗîŋ,[]
gáɛ́ː,[]
nɔ̀nú,[]
kɛ́jgùn,['Coordinating conjunction']
àná tùrgùmɛ́ꜜnɔ́,[]
làká,[]
àɓòkòtúŋkɔ́ré,[]
át,['Noun']
líkí,[]
écɔ̀,[]
dìldílꜜkáːŋ,[]
réːrán,['Verb']
dɛ̀dɛ̀n,['Verb']
tònɛ́ːꜜ,[]
àɓɛ́ːlɛ́r,[]
gɛ̀ːnɛ́k,[]
ɗɛ̀gɛ̀,[]
rɔ́ríá,[]
kùɗúnꜜ,['Verb']
àríːꜜ,[]
nɛ́ːkɛ̂ŋ,['Possessive pronoun']
kójùŋk,[]
nàɛ̀,[]
ɗɛ́pɛ́,[]
ìɟáːg,['Noun']
árí,['Infinitive']
gàgêːɗ,['Participle']
tàkík,['Noun']
áːɗórꜜáːŋ,[]
cèːd,[]
bàːlɗìːt,['Negative']
mòːjk,['Noun']
òmk,[]
jàkánáꜜ,[]
éːcá,[]
gɛ̀ːŋkìŋ,[]
ɓɔ̀rɛ́ꜜ,[]
cɔ̀j,[]
tàmàːríꜜ,['Infinitive']
kúc,['Verb']
rɔ́ríáꜜrɛ́,[]
rɛ̀r,['Verb']
ɓàk,['Preposition']
ɓóːjíɗɛ́ːꜜ,['Participle']
átéːŋkꜜ,[]
càːkómꜜ,['Noun']
ɓàŋkáwŋ,['Verb']
bɔ́lɔ́ŋúràrkí,['Verb']
kèːɟ,[]
èːɟɛ̂ː,['Noun']
gɔ̀rɔ̀wà,[]
kàːt,[]
ɲákáꜜ,['Noun']
pɛ́ːjꜜ,['Cardinal numeral']
ìŋkɔ́ːꜜté,[]
wâr,['Verb']
bɔ̀dɛ̀ːríŋ,[]
kɛ́kàrk,[]
ɗóːk,['Noun']
tèmírt,[]
nɛ̀ŋk,[]
ɗɔ̀mk,[]
tòŋgúdáꜜ,[]
ɛ̀tígí,[]
ɗéːgàr,['Intransitive verb']
mérménꜜáːŋ,['Verb']
gúːgúɲꜜúnꜜ,['Verb']
mɛ̀lkí,[]
tònáː,[]
dòkìɗ,['Particle']
tìjɛ̀ːɗ,[]
ɓɔ̀,[]
ɟòː,[]
máŋk,[]
kɛ́kàr,['Adverb']
cɛ̌ːn,['personal pronoun']
ɗéːkꜜ,['Adverb']
dɛ́ːꜜkáːŋ,[]
kój,[]
dàkɛ́,['Verb']
tǎːr,[]
mɛ́ŋkà,[]
làŋírkíɗ,[]
ɗùŋéɗ,[]
tírjáꜜ,['Noun']
cìgɔ̀j,[]
kɔ́ːníjꜜáːŋ,[]
tònágê,['Verb']
nɛ́ŋk,[]
bírókàkà,[]
gòdèòŋk,['Noun']
ɲɔ́ːtꜜ,[]
càːdí,[]
tòŋá,[]
kìːgé,[]
tápáːɗáːnìː,['Verb']
à áːjɛ́rŋ,['Verb']
kànɛ̀ːrí,['Verb']
èkédꜜákꜜ,[]
íɗít,['Noun']
cìgégék,[]
làŋìr,[]
gáːlꜜínꜜ,['Verb']
ɟóːp,[]
mɛ́lcíꜜ,[]
cèːdí,[]
tí,['Verb']
dòːmɛ̂ːŋ,[]
làkɛ́,['Verb']
àrkíː,[]
ŋáːkꜜínꜜ,['Verb']
kómóɛ́ꜜ,['Noun']
cìn,[]
cèːdígꜜún,[]
mèjáɗꜜ,['Noun']
mèjáɗ,['Noun']
báŋìk,[]
bèːɗ,['Verb']
ɗírkíːꜜ,['Verb']
pròɟétꜜ,[]
pròjétꜜ,[]
rɛ́ːtꜜá,[]
cìgɔ́ːgɛ́ꜜ,[]
kàníːꜜ,['Verb']
ɔ̀cɔ́rꜜɔ́,[]
pìrèrɗíŋ,[]
kúcꜜú,"['Verb', 'Verb']"
ɓòkòkòt,['Verb']
káːr,['Verb']
ɲònìtàːkàgá,[]
púːríꜜ,[]
àrɛ́ː,[]
wòɟàk,[]
àgút òmôŋ,[]
gáːlánꜜ,['Verb']
kócɛ̀k,[]
ɔ́ɗɔ́kà,[]
wáːjɗíːꜜ,[]
gáː,[]
ɲɔ́ːt,[]
gàɓà,['Verb']
cìgɔ̀,[]
máɗ,['Noun']
táːpꜜtáːnák,[]
òm,['Quantifier']
kànínꜜ,['Verb']
ɗóːká,[]
cáːcɛ̀ːk rɔ́ríɗɛ́,[]
bàːlɗíːɗɛ̂,['Verb']
kɔ́ː,[]
ìn àːmɛ́,['Verb']
kúrꜜôjŋ,['Particle']
ɗìːrárkîɗ,['Verb']
ágáltíːr,['Noun']
gàkín,['Verb']
cìgè,[]
kɔ̌ːr,[]
áɲ,[]
tíjꜜkáːŋ,[]
ɓákìŋ,['Particle']
ɗéːgárꜜár,['Verb']
pàːr kúːꜜnɛ́,[]
kɔ̀ːníj,['Verb']
ɗɛ̀gɛ̀ɟík,[]
ɗǎmŋ,['Verb']
cìnǐŋ,[]
kɛ̀tɛ́,['Verb']
ŋàwítérꜜŋɔ́ŋk,[]
kùcúɗ,[]
cɛ́ːkìk,[]
nóːk,['Possessive pronoun']
bòːbɛ̀rk,[]
wìdêːr,['Verb']
céꜜ,[]
íɗíꜜ,[]
ríːɓérgé,[]
dɛ́ꜜ,[]
ɗégérꜜár,[]
ɛ́k,[]
gɛ̀ːnɛ́,[]
câk,[]
dɛ̌ntínꜜ,['Verb']
cáːɓꜜá,[]
kàjàárɛ,[]
kórtàn,['Noun']
bɔ́lɔ́ŋúrꜜkú,['Verb']
ícícꜜ táːnâk,[]
ìɟáːgɗíːꜜtík,[]
ánîːn,[]
àːmɛ̀t,"['Negative', 'Infinitive']"
kàtàmɛ́ɛ̀,[]
nóːkúk,[]
gèɓá,[]
ŋáːkìː,['Verb']
bóŋíɗꜜíŋ,[]
gâŋk,[]
àrkɛ́,[]
gàɓɛ́ː,[]
máɟáŋéːráꜜ,[]
cìnáːꜜnɛ̂,[]
àgɛ̀j,['Infinitive']
ɗɔ̀m,[]
ráŋ,['Noun']
déːgáràr,['Verb']
ɟìːtén,[]
ɟàrtíꜜ,['Noun']
ɓòkòtîːr,['Verb']
gèlèːwɛ̀r,[]
gɛ̀ːnà,[]
kɛ̂ːŋ,[]
dèjŋk,[]
ɗéːgáràrɗ,['Verb']
cìnɔ̀,['Relative pronoun']
ɔ̀gɔ́kɛ́,[]
ɓáŋkáːwrì,[]
ìcícɛ̀ cɛ̀ːgík,[]
ràkátɛ́ꜜ,['Noun']
tòná,[]
tòníɗínꜜ,[]
ŋàcákáwꜜkáːŋ,[]
ŋɔ́ɗúrgé,[]
ìntíná,[]
mɛ́nkꜜ,[]
ràŋ,[]
ɗɛ́ꜜ,[]
gúndɛ̌n,[]
ɓéɲ òmáltè,[]
bàːbɛ́ꜜ,[]
rɛ̀rár,['Verb']
náːkɛ́k,[]
cɛ̀kɔ́,[]
kòcíé,['Noun']
cìcɔ́ꜜ,[]
íɗítꜜík,['Noun']
gòpàn,[]
áːrn,['Cardinal numeral']
géꜜ,[]
nɛ́ːkɛ́,[]
kɛ́ːtꜜ,['Noun']
kúcù,[]
kùc,['Verb']
tòngé,[]
ìcícì,[]
tínâŋ,[]
càːkómáꜜ,['Noun']
kɛ̀ːɗíː,[]
rɛ̀ːrínꜜ,['Verb']
ìɟàːgík,"['Verb', 'Verb']"
tòŋk,[]
mérménáːrà,[]
wóːɗ,[]
mìlkìác,[]
cìnɔ̀j,[]
ɲéːwꜜúnꜜ,['Verb']
gàgédꜜíŋ,[]
ɗáɗámíꜜ,['Intransitive verb']
àbíàkôŋk,['Noun']
ɛ́ɛ́k,[]
cáːnꜜɛ́kɛ́ːk,[]
wɛ̀ngèːlátꜜágɛ̀,[]
kàtàmɛ̂,[]
ɗúkꜜ,['Noun']
bàrɛ̀r,[]
káŋk,['Particle']
ɔ́ːì,[]
rómîɗ,"['Adverb', 'Adverb']"
ɗègér,['Verb']
wárk,"['Noun', 'Noun', 'Noun', 'Noun']"
pèɟàráːŋ,[]
ŋɛ́ːwɛ́nꜜkáːŋ,[]
ɛ̀tɛ̀r,[]
máŋkírɛ́,[]
jòːsêp,[]
áːdíꜜ,['Infinitive']
ɗɔ̀kú,[]
Lɛ̀ːr,[]
tàjɛ́,['Verb']
tìmáːŋ,[]
táːrꜜák,[]
kómójɛ́ꜜ,['Noun']
óːlɛ́ꜜ,[]
ínꜜ kɛ́kàr,[]
ìn bèːdɛ́,['Verb']
àbíꜜákꜜ,['Noun']
tàkìk,['Adverb']
dɛ̀dɛ̀nà,[]
ŋàːrkí,"['Verb', 'Verb']"
áːwójɔ́n,['Infinitive']
ŋàwíːtér,[]
púːrꜜ,['Verb']
cáːpɛ́jꜜáːŋ,[]
rùːmé,['Verb']
tɔ́kíŋꜜ,[]
àɲ,[]
gòŋk,"['Possessive pronoun', 'Possessive pronoun', 'Possessive pronoun']"
kúcꜜúnꜜ,['Verb']
mèrmén,['Participle']
óltíír,[]
jòːsépíŋ,[]
cìnɛ̀kán,[]
àpèběrŋ,[]
làkín,[]
wàːwùj,['Noun']
íɟáːgénꜜtóŋk,['Noun']
éːt,['Interrogative pro-form']
kíɗì,[]
kúrój,['Noun']
kócùŋk,[]
àːjkà,['Negative']
ɟùmúrgé,['Verb']
ɟàwànák,[]
wɛ̀ŋgèlàwíɛ́ːk,[]
ɛ̀k,['Interrogative pro-form']
àrɛ̀,[]
ɗíꜜ,[]
ɓáŋkáwúrꜜáːŋ,[]
cěːnꜜ,[]
bìtàkík,['Verb']
kɛ̀gáːŋ,[]
gèbá,[]
gɛ̀ŋk,"['Possessive pronoun', 'Possessive pronoun', 'Possessive pronoun']"
nà,[]
òmóŋꜜ,['Cardinal numeral']
ìn bàdɛ́,['Verb']
òlá,['Noun']
àgòrgórŋ,[]
ɓátátꜜ,[]
bíróà,[]
èɲɛ̀ːráːŋ,[]
téːjɗíkìn,['Intransitive verb']
céŋk,['personal pronoun']
dòjâːŋk,[]
tápáːɗáːnꜜínꜜ,['Verb']
òbìkà,[]
làkìː,['Transitive verb']
tòŋgúɗáꜜ,[]
ɓá,['Particle']
túːkɛ́,['Verb']
dòːmɛ́dɛ́ꜜ,['Verb']
átó,[]
càcábɛ́,[]
átútúnɛ́ːkɛ̀,[]
èːɟɛ̀,['Noun']
pìdélàk,[]
mák,[]
cèːɗîŋ,[]
gúːgúɲꜜár,['Verb']
gàgíɗín,[]
gânk,[]
kíɗɛ́ꜜ báríŋ,[]
bèːbèːɗá,[]
ɓòŋɛ́ꜜ,[]
ìrkíŋ,['Verb']
ìndíákꜜ,[]
kúːnùn,[]
cìgɔ̀kɔ́,[]
cìnéné,[]
íɗì,['Noun']
kóllóɟɛ́r,['Verb']
wɛ̀jáːŋ,[]
tòróːꜜkáːŋ,[]
káːjòŋk,['Noun']
ɛ́ːk,[]
bèːbèːɗínꜜ,[]
ámɗúk,['Noun']
Kòɓǐr,[]
ɔ̀gɔ́,[]
ìɟáːgɗíːkì,[]
bàtákík,['Verb']
nɛ́ːkík,['Possessive pronoun']
tínéꜜ,[]
éːtá,['personal pronoun']
nɛ̀ːkìŋ,[]
ɲèːwú,['Verb']
màcáːpɛ́ꜜ,[]
cìnǐ,[]
ré,['Particle']
nâŋk,"['Possessive pronoun', 'Possessive pronoun', 'Possessive pronoun']"
ɗɛ̀nɗɛ́ːrꜜkáːŋ,[]
pìdélꜜákɛ́ꜜ,[]
kùr dér,[]
ŋàːrɗ,[]
lèjáːŋ,[]
ɗěːŋ,[]
éjꜜáːŋ,[]
nɛ́ːkɛ́kìk,[]
cɔ̂ːk,[]
nɛ́ːk,"['Possessive pronoun', 'Possessive pronoun', 'Particle']"
íɗítꜜ,['Noun']
ɗòːrúŋ,['Verb']
béɲ,[]
àːwǒjk,['Verb']
kéːjkúːnùn,['Verb']
kéɟkúːnùn,['Verb']
dɛ̀nɛ́nì,['Verb']
dùrìé,['Verb']
céːkɛ̀,[]
Máꜜ,['Adverbializer']
kàːrí,['Noun']
ɓɛ́ːɲɔ́ɛ́ꜜ,['Noun']
cèːt,[]
ɗàmɗú,['Verb']
gɛ̀gój,[]
tònùrnà,[]
kɛ̀ːɗí,[]
bádík,['Verb']
èːmɛ̀jáːŋ,[]
káwɗì,['Intransitive verb']
máɟáŋérꜜ,[]
nɛ́ːkíŋ,['Possessive pronoun']
kéːɟíꜜ,[]
rèːrí,[]
ɓàŋkàw,"['Adjective', 'Adjective']"
bòdíːkíːꜜ,[]
nɛ́ːkɛ́ꜜ,['Adverb']
cìgɛ́gɛ́ꜜ,[]
tàjɛ̀ːɗ,['Verb']
báːnꜜé,[]
kɔ̀bɛ̀òŋk,[]
áːbɛ́ːꜜkóŋk,[]
máɟáŋéːr gɛ̀ːnɛ́k,[]
cìnɔ́nɛ́,[]
ɛ́ꜜ,[]
tònátɔ́ꜜ,[]
kójnɔ́,[]
ɟíːtík,[]
tùrgùmíː,[]
jíːt,[]
díꜜ,"['Adverb', 'Particle', 'Particle']"
kì,['Adverb']
kɔ̀ɲí,[]
pɛ́ːní,['Noun']
cìnì,[]
dɛ́nɗí,"['Verb', 'Intransitive verb']"
ɓák,[]
ŋàːw,[]
gɔ́táꜜcɔ́,[]
tònúꜜ,['Verb']
òlà,['Noun']
cìtɛ́tîŋ,[]
báŋìà,[]
kɔ̀ɟú,['Verb']
ɲéjꜜáːŋ,[]
òláːt,[]
ŋáːwèŋ,[]
rɔ́mɛ́ꜜ,['Infinitive']
rɛ̀ːrɛ̀mɛ̀ɗŋɔ́ŋk,[]
cɔ̂,[]
wěː,['Particle']
rìɛ́ꜝ,['Verb']
èmè,['Noun']
nɛ́kɛ̀,[]
tìmírtꜜík,[]
kúrꜜój,['Noun']
ɗɛ̀pɛ́jìk,['Noun']
ɓɛ́ːɲɔ́,['Noun']
bòŋù,['Verb']
cǒːj,[]
táŋꜜ,['Noun']
téːjì,[]
málɗì,['Intransitive verb']
káːlt,['Noun']
nɛ́ːká,['Possessive pronoun']
bàːbújꜜ,[]
wàlágɛ́ꜜák,[]
ɟùmúrkɛ́ꜜ,[]
gíɗéːk,"['Noun', 'Noun']"
péːtákôŋk,[]
cácáꜜlɛ́áꜜ,['Noun']
bɔ̀dîːŋ,[]
dɛ́nɗíꜜkáꜜ,['Intransitive verb']
tùrgùmɛ̀,[]
ǐːnꜜ,['personal pronoun']
làŋkà,[]
ŋáːngáꜜ,[]
ríːɓɛ̂ːr,[]
kɛ́ ɗɔ̌m,[]
ŋàːr,['Verb']
tònìɗ,['Verb']
àgàlkúnꜜ,['Verb']
ìcígì cìgǐ,[]
kɛ̀ɗíꜜ,[]
jɛ́róm,['Noun']
màɟáŋá,[]
bàːlàɗík,['Verb']
nɛ́ːkáꜜ,['Possessive pronoun']
gúːgúɲꜜáꜜ,['Verb']
dàːmk,[]
àːmúk,['Verb']
ɓátát,[]
eː́kêːrk,[]
làk,['Verb']
èːɟɛ̀ːk,['Noun']
dàràːɛ́ːk,[]
áɲꜜkɔ́ŋk,[]
tɛ́ːnàn,['Coordinating conjunction']
rɛ̀ːráꜜ,['Verb']
tòníɗíŋk,[]
càlóːꜜkáːŋ,[]
pròɟɛ́t,[]
cìnéːnê,[]
cìnɛ̀kík,['Demonstrative']
gàːmú,['Verb']
ɗɛ̀pɛ́ꜜ,['Noun']
cìnéːnákꜜán,[]
gàmbéléàk,[]
ŋàː,['Verb']
ɓɔ̀rɛ́,"['Noun', 'Noun']"
ɗàmáːŋ,[]
ɗɛ́gɛ́gɛ́rí,[]
lɛ̀ːrǎːŋ,[]
góːpꜜáːŋ,[]
ɓɔ́ːkáːꜜŋɔ́ŋk,[]
báláꜜ,['Adjective']
wóːɗàk,[]
ɓóːɗórꜜáːŋ,[]
ɓólátúːrꜜúɛ́,[]
bèːdík,['Verb']
ɓàrtɛ̀ːt,"['Negative', 'Infinitive']"
pìrɛ́,[]
ɔ́ːtɛ́á,[]
ɲéːwǐːr,[]
kócɛ̀kík,[]
kéːcíɛ̀ːk,[]
móːmónꜜáːŋ,[]
ɟèmɛ̀ːk,[]
gòdèː,[]
gódéjká,[]
gúnꜜ,['Particle']
nɛ̀ːkɛ̀,['Adverb']
bàrɛ́r,[]
dàkínkɔ́ːꜜtá,[]
tònúrgéꜜ,['Verb']
táꜜ,['personal pronoun']
mùkérgé,['Verb']
lòkòːcún,[]
tèːjíꜜ,['Verb']
béáꜜ,['Noun']
bájbìl,[]
ɟóːpꜜ,['Noun']
téːjá,['Verb']
kàŋkálóꜜ,"['Noun', 'Noun', 'Noun']"
kóllóɟꜜáꜜ,['Verb']
gɔ́ːtáꜜ,[]
kɛ́ntɛ́ːkɛ̀,[]
gáːŋk,['Possessive pronoun']
kɔ̂ŋk,[]
wònòjɛ́ꜜ,[]
gɛ́ːŋk,['Possessive pronoun']
gójꜜ,[]
kó,['Particle']
kɛ́ɗɔ̀mk,[]
gàmbélɛ́k,[]
ɓɛ́ːlɛ́rk,[]
tàɗápúꜜ,['Noun']
cúːmíꜜ,['Noun']
wɔ̀ːwɔ́ɟúk,[]
kɔ̀ːwáːŋ,[]
mèntánꜜkáːŋ,[]
àrìn,[]
òmóŋ,['Cardinal numeral']
ɟàrtǐː,['Noun']
dɛ́nɗì,['Verb']
bócɛ́,"['Infinitive', 'Negative']"
àtá,[]
ɗóːkꜜ,[]
ín,[]
kɛ́jn,[]
ŋùːlɗì,"['Verb', 'Intransitive verb']"
gɔ̀rɔ́,[]
ɟéːmɛ́k,[]
ɔ̀gɔ́kꜜ,[]
Làkɛ́ꜜ,[]
cìcéꜜ nɛ́ːkɛ́ꜜ,[]
ɓéɲ,['Noun']
tíríáꜜ,[]
lɛ,['Coordinating conjunction']
kí,"['Auxiliary', 'Auxiliary']"
kàtàmɛ́,['Noun']
ádá,[]
ɗìːràrkí,['Verb']
ìːník,[]
cáːk,[]
àːwòjáːŋ,[]
ɓàrtɛ́ŋ,['Verb']
ɲéːwꜜáꜜ,['Verb']
kòːŋáːŋ,[]
mèdɛ̀ɛ́,['Verb']
ɓɔ́kâːŋ,[]
gùːgúɲ,['Verb']
tònáꜜ,['Verb']
kíꜜ,[]
gɔ̀gɔ̀jáːŋ,[]
gàmbéléꜜák,[]
né,[]
gà kúːꜜnɛ́ cɛ̀gà,[]
àéːkêːr,[]
ɗáɗámí,['Verb']
tɔ́kóɲ,['Noun']
ɗɛ́,[]
rɔ́ːríꜜɛ̂ːŋ,['Intransitive verb']
ɓòkòɗìkínkɔ́rè,[]
èːt,['personal pronoun']
tínáꜜ,['personal pronoun']
múːɟíꜜɛ́ꜜ,"['Noun', 'Noun']"
díːltà,[]
pàːr kún ɗɛ́,[]
wèríꜜ,[]
páːnꜜíá,[]
kɔ̀ː,['Adverb']
Dɔːc,[]
àrìː,[]
átéːŋk,[]
ɗúmáːtꜜ,['Noun']
gíjꜜáːŋ,[]
ɓòkòtú,"['Verb', 'Verb']"
làkɛ̀,['Verb']
àdɛ̀ràt,[]
tèkèr,[]
ŋàwítìː,[]
pɔ̀ːjáːŋ,[]
cɛ̀ːŋ,[]
tɔ́ntɔ́mꜜáːŋ,[]
kɔ́ːníɔ́nꜜ,[]
pìríꜜ,[]
dèíŋk,[]
ɓùːrèːɗ,[]
nòmɛ́,['Verb']
wáːcíɛ́ꜜ,['Noun']
ɗégérꜜáːŋ,[]
tòníːꜜ,[]
còlàk,['Preposition']
kɛ̀ːɗín,[]
càːnáꜜ,[]
ŋɔ́ɗɔ́cɛ̀,[]
dɛ̀nɛ́ːtꜜárŋ,[]
íɗí,['Noun']
tá,['personal pronoun']
mùkéːɗìŋ,[]
ìn bìtàkɛ́,['Verb']
ɟàrtìàkɔ́ŋk,[]
gɛ̀ːnɛ́ꜜ,[]
ǎr,['Verb']
rɔ̀gɛ̀r,[]
ká,[]
bàkàɲkà,"['Infinitive', 'Negative']"
ìn àːdìɗìkɛ́,['Verb']
gɛ́tɛ́ɲ,['Noun']
ɓáːjꜜkáːŋ,[]
gàɓɛ́ːꜜ,[]
kàːrìòŋk,['Noun']
cɛ̀ːn,['personal pronoun']
tònú,['Verb']
ɟùmùrúntá,[]
kèwkéwꜜkáːŋ,[]
ágáltóŋk,"['Noun', 'Noun']"
ɓàːráːŋ,[]
lòkòːcá,[]
lákíꜜ,['Participle']
èːŋáɗîr,['Verb']
nɛ́ːkɛ̂,['Determiner']
ɓɔ̀rɛ̂ːŋ,[]
ètéŋkꜜ,['personal pronoun']
wɛ́j,['Noun']
dégéràr ɛ́ːkík,[]
cɛ̀kɛ́,[]
réːrꜜáːŋ,"['Intransitive verb', 'Intransitive verb']"
tònúnà,[]
gɛ̀,[]
kárkárꜜáːŋ,[]
pɔ̀ːcíːꜜ,['Verb']
ɓòkóːrján,['Noun']
àgút,['Complementizer']
cìnɔ́náꜜ,[]
tàmàrɛ̀rkí,[]
ɓɔ̀lɔ́ːrꜜɛ́ːk,[]
nɛ̂ŋk,"['Possessive pronoun', 'Possessive pronoun', 'Possessive pronoun']"
tɔ̀mpɔ̀l,[]
kègèːɟ,[]
ɲòlɲólꜜkáːŋ,[]
ɲɔ́ːɗá,[]
dòkúɗéꜜ,['Verb']
ɗíːrírꜜí,[]
lɛ̂ːrk,[]
jôː,[]
jòwɛ́ːɗꜜŋɔ́ŋk,[]
tɔ́ːmɔ́kꜜ,[]
àtù,[]
rɔ́ːríâːŋ,['Transitive verb']
tàwáːwɛ́ːk,"['Proper Noun', 'Noun']"
ɓèːcɛ́,[]
ìn bòjcìɛ́,['Verb']
rɔ́ːríjꜜáːŋ,[]
wóɗáꜜ,[]
rɔ́ríɗɛ́,[]
ɓòkòtùr,[]
mùké,[]
ɓàlkì,"['Transitive verb', 'Transitive verb']"
gòròː,[]
bòŋágêːɗ,[]
gòːrɛ́,[]
láláŋ,['Noun']
dɛ̀nɛ̀r,['Verb']
àːwòjɛ̀t,['Negative']
ìcígì,[]
kɛ́ːnꜜ,"['Noun', 'Noun']"
táːrꜜákꜜ,['Noun']
gìɗéː,"['Noun', 'Noun']"
réríŋ,[]
éːkéːrɛ̀,['Adverb']
tùɟìɗíːɗî,[]
éːtà,['Noun']
ɗùŋɛ́ɗ,['Noun']
éméj,[]
dɛ̀nín,[]
kúcíːtàɟíːꜜ,[]
kàːmáːŋ,[]
làkà,['Verb']
dɛ̀nɛ̂ːr,['Verb']
Mártà,"['Proper Noun', 'Proper Noun']"
cèːdíꜜ,[]
tìs,[]
kéːt,['Noun']
péːtík,['Noun']
nɛ́ːkɛ́k,[]
cɔ̀k,[]
gúnꜜɔ́,[]
máꜜ,"['Adverbializer', 'Adverbializer', 'Conjunction', 'Coordinating conjunction']"
mɛ̀lkíŋ,[]
tápáːɗáːnꜜáꜜ,['Verb']
nɛ̀ːkɛ́ꜜ,['Determiner']
àmárɛ̂ːkɛ̀,[]
tìm,['Verb']
gájít,[]
ɗɛ́à,[]
àmbàbɛ̀r,[]
cìnáːnɛ́ꜜ,[]
ɗùŋɛ́ɗík,['Noun']
tògìkòŋk,['Noun']
ɗégérîː,[]
ɓɔ̀rɛ́ː,[]
mòːɟákík,['Intransitive verb']
àːɗíːꜜkáːŋ,['Verb']
cɔ̀kɔ́n,['Adjective']
làːráːŋ,[]
ɔ́ːtɛ̀,['Noun']
tàpàːɗàːní,['Verb']
kàːráːŋ,[]
bócúk,['Verb']
dòːmɛ́,[]
báláŋòŋk,[]
nàːkɛ̀,[]
dákɛ́ɗàk,[]
ɗɛ̀pɛ́j,['Noun']
dɔ̀ːc,['Adverb']
júmój,[]
pìré,[]
rìɛ́ꜜ,['Verb']
ɗɛ̀jɛ́k,[]
ŋèdák,[]
ɓàŋkàwkàːt,['Participle']
èːŋàɗáːŋ,[]
cɔ̀lírꜜkáːŋ,[]
dɛ̀nɛ̀,['Verb']
kɔ̀ŋkù,['Determiner']
mókòrɛ́,[]
lɛ̀ːkɛ̀,['Adverb']
tàːpɛ̌r,[]
ɓólátúːrꜜùɛ̀kòŋk,[]
ɗɛ́ːgáꜜcɔ́,[]
ŋɔ́ɗɔ́ꜜ,['Noun']
épcón,[]
tàk,['Noun']
kóːmúc,['Noun']
làŋkì,[]
làtù,['Transitive verb']
cìnéːnáꜜ,[]
gɔ́áꜜcɔ́ꜜ,[]
kànɛ̀r,['Verb']
pàːrá,['Infinitive']
wár,['Noun']
ɗúk,['Noun']
wɔ̀ːwɔ̀ɟúk,[]
wóːrù,['Verb']
èpàːjáːŋ,[]
béákàk,['Noun']
ɓòkóːrjánt,[]
ŋàːráꜜ,['Verb']
bàrɛ̀ɗ,[]
kóː,[]
ìɟàːg,['Verb']
làŋíɗéꜜ,[]
bòjcǐːk,['Verb']
cɛ̀ː,[]
tɔ̂n,['Noun']
táːr,['Noun']
tɔ́ːmɔ́k,['Noun']
mɛ́lɛ́ꜜ,[]
dɛ̀nɛ̂r,['Verb']
tɛ́mk,['Adjective']
wèːtàkáːŋ,[]
làtùkàrì,[]
gòdɛ̀ɛ́,[]
òmáltèk,[]
ɓòkòtù,['Verb']
dòːmɛ́ŋ,[]
bɔ́lɔ́ŋúrkáꜜ,['Verb']
tònùrgéꜜ,['Verb']
kànɛ́,['Verb']
ɗɔ̀kù,[]
ìɟáːgìr,[]
màlɛ́,"['Transitive verb', 'Transitive verb']"
nàŋk,['Possessive pronoun']
làŋkáꜜ,['Verb']
àrínꜜ,['Verb']
jògúkúɗꜜ,['Participle']
cèːdîk,[]
ɔ́ŋk,[]
mérménì,[]
tòníɗá,[]
tàwáːwɛ̂ː,"['Proper Noun', 'Proper Noun']"
kòpúlꜜkáːŋ,[]
À,['Coordinating conjunction']
kɛ̌,[]
dàːm,[]
kàwɛ́,"['Transitive verb', 'Transitive verb']"
dòrtóːꜜkáːŋ,[]
kòɟùtù,[]
àːjɛ́ŋ,['Verb']
kúrójꜜɛ́ꜜ,"['Noun', 'Noun']"
óːjɛ̀r,[]
dɛ̀nɛ́ɗíŋk,[]
tɛ̂ːn,[]
tòngéꜜ,['Verb']
làŋɛ́ꜜ,[]
kúcí,[]
ɟùmùráːŋ,[]
tì,[]
àgáltꜜ,['Noun']
tólɛ́ːɗꜜík,[]
kɛ̀ːɗínꜜ,['Verb']
àːɗìːkà,['Infinitive']
kànáꜜ,['Verb']
ɓáŋkáːwrúꜜŋɔ́ŋk,[]
ìn bàkáɲꜜkɛ́,['Verb']
ŋùːlá,[]
kùràk,['Intransitive verb']
ɗùk,['Noun']
ríːɓákún,[]
dɛ́ná,[]
àːdà,['Verb']
ŋárótówꜜáːŋ,[]
nɔ̀kój,[]
wɛ̀kɛ́ːrꜜáːŋ,['Verb']
ɟàrtìà,['Noun']
ɓàŋkáw,['Verb']
cɛ́ŋk,['personal pronoun']
àtí,['personal pronoun']
pàːrírkúnɗɔ́ꜜ,[]
kɔ́ŋkúk,['Determiner']
cáːkꜜ,[]
máɗꜜkɔ́ŋkúŋ,[]
tòŋgéꜜ,"['Verb', 'Verb', 'Infinitive']"
ɲɛ́ːɗà,[]
càː,"['Adverbializer', 'Adverb']"
gòpɛ̀,['Noun']
nɛ̀ː,[]
ɓàŋkàwkà,['Noun']
rɔ́ríát,[]
tàmàːrɛ̀r,[]
gɔ́ꜜkɔ́ ɛ̀tɛ̀r,[]
měːŋ,['Verb']
kɛ́nɔ̀,[]
ɓòkóːrjántáꜜ,[]
gùbìɲít,[]
dòdóːꜜkáːŋ,[]
tòníːꜜtáꜜ,[]
àŋàŋk,"['Cardinal numeral', 'Cardinal numeral', 'Cardinal numeral']"
ɗóːkúŋk,[]
ŋàːrí,[]
ɗúnɗè,['Noun']
máɟáŋéːráꜜ gɛ́ːná,[]
cèːnîŋ,[]
pìrík,[]
ìːnɛ̀,[]
àŋàn,['Cardinal numeral']
tín,['personal pronoun']
ŋáːkꜜáꜜ,[]
áːdí,['Infinitive']
èmé,[]
cák,[]
gàmbélɛ́àk,[]
kómójêːr,[]
ŋàːrár,['Verb']
cèːgíŋ,[]
kɛ́ɗɔ̀m,['Adverb']
ɛ̀mɛ́cáŋ,[]
kɔ̀ŋk,['Particle']
